{"name":"fcf5fc53-d3d2-42e5-ac21-60cb7bf608bd","id":"/providers/Microsoft.Flow/flows/fcf5fc53-d3d2-42e5-ac21-60cb7bf608bd","type":"Microsoft.Flow/flows","properties":{"apiId":"/providers/Microsoft.PowerApps/apis/shared_logicflows","displayName":"Portfolio - Tabela de Preços","definition":{"metadata":{"workflowEntityId":null,"processAdvisorMetadata":null,"flowChargedByPaygo":null,"flowclientsuspensionreason":"None","flowclientsuspensiontime":null,"flowclientsuspensionreasondetails":null,"creator":{"id":"3e3911d3-8a4e-4a72-a1b6-388ff457a2ad","type":"User","tenantId":"da49a844-e2e3-40af-86a6-c3819d704f49"},"provisioningMethod":"FromDefinition","failureAlertSubscription":true,"clientLastModifiedTime":"2024-10-28T12:39:39.1695375Z","connectionKeySavedTimeKey":"2024-10-28T12:39:39.1695375Z"},"$schema":"https://schema.management.azure.com/providers/Microsoft.Logic/schemas/2016-06-01/workflowdefinition.json#","contentVersion":"1.0.0.0","parameters":{"$connections":{"defaultValue":{},"type":"Object"},"$authentication":{"defaultValue":{},"type":"SecureObject"}},"triggers":{"Quando_um_novo_email_é_recebido_(V3)":{"splitOn":"@triggerOutputs()?['body/value']","metadata":{"operationMetadataId":"bfd35769-8ba1-4a8d-bdb1-4170a8af5f6f"},"type":"OpenApiConnectionNotification","inputs":{"host":{"apiId":"/providers/Microsoft.PowerApps/apis/shared_office365","connectionName":"shared_office365","operationId":"OnNewEmailV3"},"parameters":{"folderPath":"Inbox","includeAttachments":false,"subjectFilter":"Tabela de preços","importance":"Any","fetchOnlyWithAttachment":false},"authentication":"@parameters('$authentication')"}}},"actions":{"Aplicar_a_cada":{"foreach":"@triggerOutputs()?['body/attachments']","actions":{"Obter_Anexo_(V2)":{"runAfter":{},"metadata":{"operationMetadataId":"42269a16-3462-4eac-892f-cf66fa774c37"},"type":"OpenApiConnection","inputs":{"host":{"apiId":"/providers/Microsoft.PowerApps/apis/shared_office365","connectionName":"shared_office365","operationId":"GetAttachment_V2"},"parameters":{"messageId":"@triggerOutputs()?['body/id']","attachmentId":"@items('Aplicar_a_cada')?['id']"},"authentication":"@parameters('$authentication')"}},"Condição":{"actions":{"Criar_arquivo":{"runAfter":{},"metadata":{"operationMetadataId":"482bf2f0-4e05-4434-ba7e-a22324e01ed8"},"type":"OpenApiConnection","inputs":{"host":{"apiId":"/providers/Microsoft.PowerApps/apis/shared_onedriveforbusiness","connectionName":"shared_onedriveforbusiness","operationId":"CreateFile"},"parameters":{"folderPath":"/Backup","name":"Tabela de Preços.xlsx","body":"@outputs('Obter_Anexo_(V2)')?['body/contentBytes']"},"authentication":"@parameters('$authentication')"},"runtimeConfiguration":{"contentTransfer":{"transferMode":"Chunked"}}}},"runAfter":{"Obter_Anexo_(V2)":["Succeeded"]},"expression":{"endsWith":["@outputs('Obter_Anexo_(V2)')?['body/name']",".xlsx"]},"metadata":{"operationMetadataId":"9287c429-5cbc-40bc-9045-26e44a550487"},"type":"If"}},"runAfter":{},"metadata":{"operationMetadataId":"3a82c22a-59f7-4ed1-a2f0-d458655e9103"},"type":"Foreach"}}},"connectionReferences":{"shared_office365":{"connectionName":"shared-office365-d5229a0d-4bb2-4ea7-a31f-33721e5e896b","source":"Embedded","id":"/providers/Microsoft.PowerApps/apis/shared_office365","tier":"NotSpecified"},"shared_onedriveforbusiness":{"connectionName":"shared-onedriveforbu-2e7cd938-51fe-4181-9615-72aba23ce712","source":"Embedded","id":"/providers/Microsoft.PowerApps/apis/shared_onedriveforbusiness","tier":"NotSpecified"}},"flowFailureAlertSubscribed":false,"isManaged":false}}