{"name":"5babab0e-89fb-4b71-a738-03dc79bcbded","id":"/providers/Microsoft.Flow/flows/5babab0e-89fb-4b71-a738-03dc79bcbded","type":"Microsoft.Flow/flows","properties":{"apiId":"/providers/Microsoft.PowerApps/apis/shared_logicflows","displayName":"Portfolio - Atualização de tabelas parte 2","definition":{"metadata":{"workflowEntityId":null,"processAdvisorMetadata":null,"flowChargedByPaygo":null,"flowclientsuspensionreason":"None","flowclientsuspensiontime":null,"flowclientsuspensionreasondetails":null,"creator":{"id":"3e3911d3-8a4e-4a72-a1b6-388ff457a2ad","type":"User","tenantId":"da49a844-e2e3-40af-86a6-c3819d704f49"},"provisioningMethod":"FromDefinition","failureAlertSubscription":true,"clientLastModifiedTime":"2024-10-28T16:12:03.7300196Z","connectionKeySavedTimeKey":"2024-10-28T16:12:03.7300196Z"},"$schema":"https://schema.management.azure.com/providers/Microsoft.Logic/schemas/2016-06-01/workflowdefinition.json#","contentVersion":"1.0.0.0","parameters":{"$connections":{"defaultValue":{},"type":"Object"},"$authentication":{"defaultValue":{},"type":"SecureObject"}},"triggers":{"Quando_um_arquivo_é_criado":{"recurrence":{"interval":5,"frequency":"Minute"},"metadata":{"b!cjIzYbmf50OPrUzbWLirj6H6zrYN-_NEpvJWtI2vehanNtC8nqeGT7BaE99MjQ56.01JOAVBMPKWTVH3L4XWFFJWZZAU56WOWUZ":"/Backup","operationMetadataId":"d71a180c-5e29-47b7-a930-2828f31a884e"},"type":"OpenApiConnection","inputs":{"host":{"apiId":"/providers/Microsoft.PowerApps/apis/shared_onedriveforbusiness","connectionName":"shared_onedriveforbusiness","operationId":"OnNewFileV2"},"parameters":{"folderId":"b!cjIzYbmf50OPrUzbWLirj6H6zrYN-_NEpvJWtI2vehanNtC8nqeGT7BaE99MjQ56.01JOAVBMPKWTVH3L4XWFFJWZZAU56WOWUZ","includeSubfolders":false,"inferContentType":true},"authentication":"@parameters('$authentication')"}}},"actions":{"Obter_tabelas":{"runAfter":{},"metadata":{"operationMetadataId":"a05e1036-868d-4d99-b44a-1326956412a9","tableId":null},"type":"OpenApiConnection","inputs":{"host":{"apiId":"/providers/Microsoft.PowerApps/apis/shared_excelonlinebusiness","connectionName":"shared_excelonlinebusiness","operationId":"GetTables"},"parameters":{"source":"me","drive":"b!cjIzYbmf50OPrUzbWLirj6H6zrYN-_NEpvJWtI2vehanNtC8nqeGT7BaE99MjQ56","file":"@triggerOutputs()?['headers/x-ms-file-id']"},"authentication":"@parameters('$authentication')"}},"Agro":{"actions":{"Aplicar_a_cada":{"foreach":"@outputs('Obter_tabelas')?['body/value']","actions":{"Compor":{"runAfter":{},"metadata":{"operationMetadataId":"f496525f-95ec-4e18-82fe-1f8aff7a4584"},"type":"Compose","inputs":"/Backup/Tabela de Preços.xlsx"},"Listar_linhas_presentes_em_uma_tabela":{"runAfter":{"Compor":["Succeeded"]},"metadata":{"operationMetadataId":"ae962ad2-73d4-4611-a907-64a96f3cc55e"},"type":"OpenApiConnection","inputs":{"host":{"apiId":"/providers/Microsoft.PowerApps/apis/shared_excelonlinebusiness","connectionName":"shared_excelonlinebusiness","operationId":"GetItems"},"parameters":{"source":"me","drive":"b!cjIzYbmf50OPrUzbWLirj6H6zrYN-_NEpvJWtI2vehanNtC8nqeGT7BaE99MjQ56","file":"@outputs('Compor')","table":"@items('Aplicar_a_cada')?['name']","$filter":"Negócio eq 'Agro'"},"authentication":"@parameters('$authentication')"}},"Selecionar":{"runAfter":{"Listar_linhas_presentes_em_uma_tabela":["Succeeded"]},"metadata":{"operationMetadataId":"7f1c5d73-f8a8-4110-ab83-8e37115ef0de"},"type":"Select","inputs":{"from":"@outputs('Listar_linhas_presentes_em_uma_tabela')?['body/value']","select":{"Produto":"@item()['Produto']","Preço":"@item()['Preço (US$/t)']","Vendedor":"@item()['Vendedor']"}}},"Criar_Tabela_HTML":{"runAfter":{"Selecionar":["Succeeded"]},"metadata":{"operationMetadataId":"5ed66974-7eb0-4718-9924-a31dc8baab66"},"type":"Table","inputs":{"from":"@body('Selecionar')","format":"HTML"}},"Enviar_um_email_(V2)":{"runAfter":{"Criar_Tabela_HTML":["Succeeded"]},"metadata":{"operationMetadataId":"017e0800-dd41-41ed-a624-7a4b4a52da48"},"type":"OpenApiConnection","inputs":{"host":{"apiId":"/providers/Microsoft.PowerApps/apis/shared_office365","connectionName":"shared_office365","operationId":"SendEmailV2"},"parameters":{"emailMessage/To":"202309117258@alunos.ibmec.edu.br","emailMessage/Subject":"Tabela de Preços Atualizada","emailMessage/Body":"<p>Segue a tabela<br>\n<br>\n@{body('Criar_Tabela_HTML')}</p>","emailMessage/Importance":"Normal"},"authentication":"@parameters('$authentication')"}},"Aplicar_a_cada_4":{"foreach":"@outputs('Listar_linhas_presentes_em_uma_tabela')?['body/value']","actions":{"Criar_item":{"runAfter":{},"metadata":{"operationMetadataId":"e5bb7c4b-3e2c-4be0-aa44-53cdcffe1ff9"},"type":"OpenApiConnection","inputs":{"host":{"apiId":"/providers/Microsoft.PowerApps/apis/shared_sharepointonline","connectionName":"shared_sharepointonline","operationId":"PostItem"},"parameters":{"dataset":"https://liveestacio-my.sharepoint.com/personal/202309117258_alunos_ibmec_edu_br/_layouts/15/Lists.aspx\n\n","table":"ca948f56-11c7-4e49-9341-0032b9ef8bd5","item/Produto":"@item()['Produto']","item/Pre_x00e7_o_x0028_US_x0024__x002":"@item()['Preço (US$/t)']","item/Vendedor":"@item()['Vendedor']","item/email_vendedor":"@item()['Email Vendedor']","item/Negocio":"@item()['Negócio']","item/Data":"@item()['Data']"},"authentication":"@parameters('$authentication')"}}},"runAfter":{"Enviar_um_email_(V2)":["Succeeded"]},"metadata":{"operationMetadataId":"64e4ae71-d5cc-48c4-9d93-383c3dd8f8d1"},"type":"Foreach"}},"runAfter":{},"metadata":{"operationMetadataId":"cad4736e-3fe9-4049-859b-f07bcb1320e7"},"type":"Foreach"}},"runAfter":{"Obter_tabelas":["Succeeded"]},"metadata":{"operationMetadataId":"5948a900-d63d-4220-806a-15f2eaed30d3"},"type":"Scope"},"Petroquímico":{"actions":{"Aplicar_a_cada_2":{"foreach":"@outputs('Obter_tabelas')?['body/value']","actions":{"Compor_2":{"runAfter":{},"metadata":{"operationMetadataId":"6b5bc371-856d-46d7-917f-9f80c6af3268"},"type":"Compose","inputs":"/Backup/Tabela de Preços.xlsx"},"Listar_linhas_presentes_em_uma_tabela_2":{"runAfter":{"Compor_2":["Succeeded"]},"metadata":{"operationMetadataId":"157eb63d-936a-4957-9e0e-c9859ea0c43a"},"type":"OpenApiConnection","inputs":{"host":{"apiId":"/providers/Microsoft.PowerApps/apis/shared_excelonlinebusiness","connectionName":"shared_excelonlinebusiness","operationId":"GetItems"},"parameters":{"source":"me","drive":"b!cjIzYbmf50OPrUzbWLirj6H6zrYN-_NEpvJWtI2vehanNtC8nqeGT7BaE99MjQ56","file":"@outputs('Compor_2')","table":"@items('Aplicar_a_cada_2')?['name']","$filter":"Negócio eq 'Petroquímico'"},"authentication":"@parameters('$authentication')"}},"Selecionar_2":{"runAfter":{"Listar_linhas_presentes_em_uma_tabela_2":["Succeeded"]},"metadata":{"operationMetadataId":"2474037f-053e-4919-8549-139699d01fdf"},"type":"Select","inputs":{"from":"@outputs('Listar_linhas_presentes_em_uma_tabela_2')?['body/value']","select":{"Produto":"@item()['Produto']","Preço":"@item()['Preço (US$/t)']","Vendedor":"@item()['Vendedor']"}}},"Criar_Tabela_HTML_2":{"runAfter":{"Selecionar_2":["Succeeded"]},"metadata":{"operationMetadataId":"535d7eb3-2408-4acc-9757-6cadae1ad8ef"},"type":"Table","inputs":{"from":"@body('Selecionar_2')","format":"HTML"}},"Enviar_um_email_(V2)_2":{"runAfter":{"Criar_Tabela_HTML_2":["Succeeded"]},"metadata":{"operationMetadataId":"b299597a-b0ce-441e-a5a9-ea7031d98d83"},"type":"OpenApiConnection","inputs":{"host":{"apiId":"/providers/Microsoft.PowerApps/apis/shared_office365","connectionName":"shared_office365","operationId":"SendEmailV2"},"parameters":{"emailMessage/To":"202309117258@alunos.ibmec.edu.br","emailMessage/Subject":"Tabela de Preços Atualizada","emailMessage/Body":"<p>Segue a tabela<br>\n<br>\n@{body('Criar_Tabela_HTML_2')}</p>","emailMessage/Importance":"Normal"},"authentication":"@parameters('$authentication')"}},"Aplicar_a_cada_3":{"foreach":"@outputs('Listar_linhas_presentes_em_uma_tabela_2')?['body/value']","actions":{"Criar_item_2":{"runAfter":{},"metadata":{"operationMetadataId":"966f69f9-da16-42b1-81b0-9a14c5bd1b72"},"type":"OpenApiConnection","inputs":{"host":{"apiId":"/providers/Microsoft.PowerApps/apis/shared_sharepointonline","connectionName":"shared_sharepointonline","operationId":"PostItem"},"parameters":{"dataset":"https://liveestacio-my.sharepoint.com/personal/202309117258_alunos_ibmec_edu_br/_layouts/15/Lists.aspx\n\n","table":"d5ecf643-7594-418a-a5e8-bdbbedc8c5dc","item/Produto":"@item()['Produto']","item/Pre_x00e7_o_x0028_US_x0024__x002":"@item()['Preço (US$/t)']","item/Vendedor":"@item()['Vendedor']","item/email_vendedor":"@item()['Email Vendedor']","item/Negocio":"@item()['Negócio']","item/Data":"@item()['Data']"},"authentication":"@parameters('$authentication')"}}},"runAfter":{"Enviar_um_email_(V2)_2":["Succeeded"]},"metadata":{"operationMetadataId":"a4ac5281-d0ac-4145-9783-9e77ada96061"},"type":"Foreach"}},"runAfter":{},"metadata":{"operationMetadataId":"29e2fd76-58aa-40fc-885e-4a0503fa4177"},"type":"Foreach"}},"runAfter":{"Agro":["Succeeded"]},"metadata":{"operationMetadataId":"05d9debe-8be5-4a44-843b-20ac558961b6"},"type":"Scope"},"Utilidades":{"actions":{"Aplicar_a_cada_5":{"foreach":"@outputs('Obter_tabelas')?['body/value']","actions":{"Compor_3":{"runAfter":{},"metadata":{"operationMetadataId":"70574305-791e-460a-8428-477418db669e"},"type":"Compose","inputs":"/Backup/Tabela de Preços.xlsx"},"Listar_linhas_presentes_em_uma_tabela_3":{"runAfter":{"Compor_3":["Succeeded"]},"metadata":{"operationMetadataId":"0807b67f-d4d5-4257-8a5d-805f975cf665"},"type":"OpenApiConnection","inputs":{"host":{"apiId":"/providers/Microsoft.PowerApps/apis/shared_excelonlinebusiness","connectionName":"shared_excelonlinebusiness","operationId":"GetItems"},"parameters":{"source":"me","drive":"b!cjIzYbmf50OPrUzbWLirj6H6zrYN-_NEpvJWtI2vehanNtC8nqeGT7BaE99MjQ56","file":"@outputs('Compor_3')","table":"@items('Aplicar_a_cada_5')?['name']","$filter":"Negócio eq 'Utilidades'"},"authentication":"@parameters('$authentication')"}},"Selecionar_3":{"runAfter":{"Listar_linhas_presentes_em_uma_tabela_3":["Succeeded"]},"metadata":{"operationMetadataId":"774e15c7-acb6-48a9-a361-f68054132b0a"},"type":"Select","inputs":{"from":"@outputs('Listar_linhas_presentes_em_uma_tabela_3')?['body/value']","select":{"Produto":"@item()['Produto']","Preço":"@item()['Preço (US$/t)']","Vendedor":"@item()['Vendedor']"}}},"Criar_Tabela_HTML_3":{"runAfter":{"Selecionar_3":["Succeeded"]},"metadata":{"operationMetadataId":"58b9c354-7769-4980-a49d-14322336db38"},"type":"Table","inputs":{"from":"@body('Selecionar_3')","format":"HTML"}},"Enviar_um_email_(V2)_3":{"runAfter":{"Criar_Tabela_HTML_3":["Succeeded"]},"metadata":{"operationMetadataId":"33027436-5086-44d9-bab6-cc46708a0ab8"},"type":"OpenApiConnection","inputs":{"host":{"apiId":"/providers/Microsoft.PowerApps/apis/shared_office365","connectionName":"shared_office365","operationId":"SendEmailV2"},"parameters":{"emailMessage/To":"202309117258@alunos.ibmec.edu.br","emailMessage/Subject":"Tabela de Preços Atualizada","emailMessage/Body":"<p>Segue a tabela<br>\n<br>\n@{body('Criar_Tabela_HTML_3')}</p>","emailMessage/Importance":"Normal"},"authentication":"@parameters('$authentication')"}},"Aplicar_a_cada_6":{"foreach":"@outputs('Listar_linhas_presentes_em_uma_tabela_3')?['body/value']","actions":{"Criar_item_3":{"runAfter":{},"metadata":{"operationMetadataId":"781d8ac2-26db-4c5d-ae07-364b5d62a074"},"type":"OpenApiConnection","inputs":{"host":{"apiId":"/providers/Microsoft.PowerApps/apis/shared_sharepointonline","connectionName":"shared_sharepointonline","operationId":"PostItem"},"parameters":{"dataset":"https://liveestacio-my.sharepoint.com/personal/202309117258_alunos_ibmec_edu_br/_layouts/15/Lists.aspx\n\n","table":"cbb89672-ad9d-40ba-a734-364b3f8ca9f5","item/Produto":"@item()['Produto']","item/Pre_x00e7_o_x0028_US_x0024__x002":"@item()['Preço (US$/t)']","item/Vendedor":"@item()['Vendedor']","item/email_vendedor":"@item()['Email Vendedor']","item/Negocio":"@item()['Negócio']","item/Data":"@item()['Data']"},"authentication":"@parameters('$authentication')"}}},"runAfter":{"Enviar_um_email_(V2)_3":["Succeeded"]},"metadata":{"operationMetadataId":"25c23dca-20a2-442f-82b9-1ee7ff320fb9"},"type":"Foreach"}},"runAfter":{},"metadata":{"operationMetadataId":"472d4e47-55a1-435b-804e-dd4262763b1e"},"type":"Foreach"}},"runAfter":{"Petroquímico":["Succeeded"]},"metadata":{"operationMetadataId":"af3c4bbe-465d-47e9-ad31-0a9706cba7d5"},"type":"Scope"}}},"connectionReferences":{"shared_excelonlinebusiness":{"connectionName":"shared-excelonlinebu-2b7450d4-a4bc-41e3-a691-6659224fd1b0","source":"Embedded","id":"/providers/Microsoft.PowerApps/apis/shared_excelonlinebusiness","tier":"NotSpecified"},"shared_office365":{"connectionName":"shared-office365-d5229a0d-4bb2-4ea7-a31f-33721e5e896b","source":"Embedded","id":"/providers/Microsoft.PowerApps/apis/shared_office365","tier":"NotSpecified"},"shared_sharepointonline":{"connectionName":"shared-sharepointonl-63c0b6cb-23f8-4fea-bd12-991614fe9f49","source":"Embedded","id":"/providers/Microsoft.PowerApps/apis/shared_sharepointonline","tier":"NotSpecified"},"shared_onedriveforbusiness":{"connectionName":"shared-onedriveforbu-2e7cd938-51fe-4181-9615-72aba23ce712","source":"Embedded","id":"/providers/Microsoft.PowerApps/apis/shared_onedriveforbusiness","tier":"NotSpecified"}},"flowFailureAlertSubscribed":false,"isManaged":false}}